<?xml version="1.0" encoding="UTF-8"?>
<project-private xmlns="http://www.netbeans.org/ns/project-private/1">
    <editor-bookmarks xmlns="http://www.netbeans.org/ns/editor-bookmarks/2" lastBookmarkId="0"/>
    <open-files xmlns="http://www.netbeans.org/ns/projectui-open-files/2">
        <group>
            <file>file:/Users/hardikapatel/NetBeansProjects/LoginRegister/src/loginregister/ScreenInterface.java</file>
            <file>file:/Users/hardikapatel/NetBeansProjects/LoginRegister/src/loginregister/ScreensController.java</file>
            <file>file:/Users/hardikapatel/NetBeansProjects/LoginRegister/src/loginregister/FXMLRegister.fxml</file>
            <file>file:/Users/hardikapatel/NetBeansProjects/LoginRegister/src/loginregister/FXMLLoginController.java</file>
            <file>file:/Users/hardikapatel/NetBeansProjects/LoginRegister/src/loginregister/LoginRegister.java</file>
        </group>
    </open-files>
</project-private>
